TTTTTTTTTTTTTTTTTTTTTTT                 		ATTTTTTTTTTTTTATTTTTTTTT
AAAAAAAAAAAAAAAAAAAAAA                  		CAAAAAAAAAAAAAAAAAAAAAA
AAAAAAAAAAAAAAAAAAAAAAAAA               		ATAAAAAAAAAAAAAAAAAAAAAAAA
CCCCCCCCCCCCCCCCCCCCCCCCCCCCCCCCCCCCC   		TCCCCCCCCCCCCCCCCCCCCCCCCCCCCCCCCCCCCC   
AAAAAAAAAAAAAAAAAAAAA                   		AAAAAAAAAAAAAAAAAAAAAAA
GGGGGGGGGGGGGGGGGGGGG                   		CTGCGGGGCCCGCCCCCCCCC 
CCCCCCCCCCCCCCCCCCCCCCCCCCCC            		CGCCTTTCCTCCCCCCCCCCCTCCCCCCC
AAAAAAAAAAAAAAAAAAAAAAAAAAAAA           		GAAAAAAAAAAAAAAAAAAAAAAAAAAAAA
TTTTTTTTTTTTTTTTTTTTTTTTTTTTTTTTTTTTT   		TATTTTTTTTTTTTTTTTTTTTTTTTTTTTTTTTTT
CCCCCCCCCCCCCCCCCCCCCCCCCCCCCCC         		GGCCCCCCCCCCCCCCCCCCCCCCCCCCCCC
TTTTTTTTTTTTTTTTTTTTTTTTTTTTTTTTTTT     		TTTTTTTTTTTTTTTTTTTTTTTTTTTTTTTTTTTTTT       
TTTTTTTTTTTTTTTTTTTTTTTTTTTTTTTTT       		TATTTTTTTTTTTTATTTTTTTTTTTTTTTTTTTTT
CCCCCCCCCCCCCCCCCCCCCCCCCCCCCC          		CATCCCCCCCCCCCCCCCCCCCCCCCCCCCCCC            
CCCCCCCCCCCCCCCCCCCCCCCCCCCCCCCCCCC     		CTCCCCCCCCCCCCCCCCCCCCCCCCCCCCCCCCCCC
TTTTTTTTTTTTTTTTTTTTTTTTT               		AATTTTTTTTTTTTTTTTTTTTTTTTT T 
CCCCCCCCCCCCCCCCCCCCCCCCC               		TCCCCCCCCCCCCCCCCCCCCCCCCCCCC                
CCCCCCCCCCCCCCCCCCCCCCCCCCCCCCCC        		TTCCCCCCCCCCCCCCCCCCCCCCCCCCCCCCC
GGGGGGGGGGGGGGGGGGGGGGGGGGG             		TGGGCGGGGGGGGGGGGGGGGGGGGGGG G               
TTTTTTTTTTTTTTTTTTTTTTTTTTTTTTTT        		ATTTTTTTTTTTTTTTTTTTTTTTTTTTTTTTTTT          
TTTTTTTTTTTTTTTTTTTTTTTTT               		CTTTTTTTTTTTTTTTTTTTTTTTTT
CCCCCCCCCCCCCCCCCCCCCCCCCCC             		ATCCCCCCCCCCCCCCCCCCCCCCCCCC
TTTTTTTTTTTTTTTTTTTT                    		CCTTTTTTTTTTTTTTTTTTT                        
CCCCCCCCCCCCCCCCCCCCCCCCCCCCCCCCCCCCCCC 		 CCCCCCCCCCCCCCCCCCCCCCCCCCCCCCCCCCCCCC
AAAAAAAAAAAAAAAAAAAAA                   		GTAAAAAAAAAAAAAAAAAAAA
TTTTTTTTTTTTTTTTTTTTTTTTT               		GTTTTTTTTTTTTTTTTTTTTTTTT
CCCCCCCCCCCCCCCCCCCCCCCC                		CCCCCCCCCCCCCCCCCCCCCCCC
TTTTTTTTTTTTTTTTTTTTT                   		CTTGTTTTTTTTTTTTTTTTT
AAAAAAAAAAAAAAAAAAAAAAAAAAAAAAAAAAAA    		AAAAAAAAAAAAAAAAAAAAAAAAAAAAAAAAAAAAA        
GGGGGGGGGGGGGGGGGGGGGGGGGGGGGGGGGGG     		GGGGGGGGGGGGGGGGGGGGGGGGGGGGGGGGGGG 
AAAAAAAAAAAAAAAAAAAAAAAAAAAAAAAA        		GCAAAAAAAAAAAAAAAAAAAAAAAAAAAAAAA
AAAAAAAAAAAAAAAAAAAAAAAA                		TTAAAAAAAAAAAAAAAAAAAAAA
GGGGGGGGGGGGGGGGGGGGGGGGGGGGGGGGGGGG    		GCGGGGGGGGGGGGGGGGGGGGGGGGGGGGGGGGGG         
AAAAAAAAAAAAAAAAAAAAAA                  		TAAAAAAAAAAAAAAAAAAAA
GGGGGGGGGGGGGGGGGGGGGGGGGGGGGGGGGGG     		CCGGGGGGGGGGGGGGGGGGGGGGGGGGGGGGG
GGGGGGGGGGGGGGGGGGGGGGGGGGGGGGGGG       		TCGGGGGGGGGGGGGGGGGGGGGGGGGGGGGCG
CCCCCCCCCCCCCCCCCCCC                    		ACCCCCCCCCCCCCCCCCCCC
TTTTTTTTTTTTTTTTTTTTTTT                 		TTTTTTTTTTTTTTTTTTTTTT
GGGGGGGGGGGGGGGGGGGGGG                  		ATGCGGGGGGGGGGGGGGGGGG                       
GGGGGGGGGGGGGGGGGGGGGGGGGGGGGGG         		ACGGGGGGGGGGGGGGGGGGGGGGGGGGGG 
TTTTTTTTTTTTTTTTTTTTTTTTTTTTTTTTTTTTTT  		ATTTTTTTTTTTTTTTTTTTTTTTTTTTTTTTTTTT
CCCCCCCCCCCCCCCCCCCCCCCCCC              		TCCCCCCCCCCCCCCCCCCCCCCCCCC
GGGGGGGGGGGGGGGGGGGGGGGGGGGGGGGGGGGGGGG 		ACCCCGCCCGCGGGGCGGGGGGGGGGGGGGGGGGGCGGG
CCCCCCCCCCCCCCCCCCCCCCCCCCC             		CCCCCCCCCCCCCCCCCCCCCCCCCCCCC
AAAAAAAAAAAAAAAAAAAAAAAA                		ATAAAAAAAAAAAAAAAAAAAAAAA
TTTTTTTTTTTTTTTTTTTTTTTTTTTTTTTT        		GTTGTTTTTTTTTTTTTTTTTTTTTTTTTTTTT
TTTTTTTTTTTTTTTTTTTTTTTTTTTTTTTTTTTT    		CTTTTTTTTTTTTTTTTTTTTTTTTTTTTTTTTTTTT        
AAAAAAAAAAAAAAAAAAAAAAAAAAAAAAAAAAAA    		ACAAAAAAAAAAAAAAAAAAAAAAAAAAAAAAAAAAAA       
GGGGGGGGGGGGGGGGGGGGGGGGGG              		CCCGGCGGGGGGGGGGGGGGGGGGG
CCCCCCCCCCCCCCCCCCCCCCC                 		CTTTCCCCCCCCCCCCCCCCCCCCC                    
GGGGGGGGGGGGGGGGGGGGGGGGGGGGGGGG        		ATCGGGGGGGGGGGGGGGGGGGGGGGGGGGGGG            
